,accuracy,precision,recall,f1_score,auroc
0,0.8289058208465576,0.8008642792701721,0.7690237164497375,0.7846211194992065,0.9042788743972778
