,accuracy,precision,recall,f1_score,auroc
0,0.9077377319335938,0.9030728936195374,0.8651937246322632,0.8837276101112366,0.961035966873169
